<?xml version="1.0" encoding="utf-8" ?>
<dwsync>
<file name="OPEN_TICKET.PHP" server="C:/xampp/htdocs/ticket/" local="131322231398113667" remote="131322231390000000" Dst="0" />
<file name="get_seater.php" server="C:/xampp/htdocs/ticket/" local="131322222062432700" remote="131322222060000000" Dst="0" />
<file name="login.php" server="C:/xampp/htdocs/ticket/" local="131322225864907636" remote="131322225860000000" Dst="0" />
<file name="indexx.php" server="C:/xampp/htdocs/ticket/" local="131322227184174435" remote="131322227180000000" Dst="0" />
<file name="View_users.php" server="C:/xampp/htdocs/ticket/" local="131322231236167324" remote="131322231230000000" Dst="0" />
<file name="closedtickets.php" server="C:/xampp/htdocs/ticket/" local="131322438471076223" remote="131322438470000000" Dst="0" />
<file name="techs.php" server="C:/xampp/htdocs/ticket/" local="131322439622817916" remote="131322439620000000" Dst="0" />
<file name="mytickets.PHP" server="C:/xampp/htdocs/ticket/" local="131322449159567693" remote="131322449150000000" Dst="0" />
<file name="allclosedtickets.php" server="C:/xampp/htdocs/ticket/" local="131322453459735111" remote="131322453450000000" Dst="0" />
<file name="allopentickets.php" server="C:/xampp/htdocs/ticket/" local="131322457182557254" remote="131322457180000000" Dst="0" />
<file name="alltickets.php" server="C:/xampp/htdocs/ticket/" local="131322478277524303" remote="131322478270000000" Dst="0" />
<file name="helpdesk.php" server="C:/xampp/htdocs/ticket/" local="131322460086389760" remote="131322460080000000" Dst="0" />
</dwsync>